{
  "config": {
    "T": 25,
    "lam": 0.15,
    "alpha": 0.3,
    "kappa": 0.7,
    "n_instances": 10
  },
  "results": {
    "random": {
      "mean_j": -1.997100688595276,
      "mean_sw": 12.9
    },
    "greedy": {
      "mean_j": -0.12972228839158476,
      "mean_sw": 0.4
    },
    "optimal": {
      "mean_j": -0.24987513761033134,
      "mean_sw": 1.4
    },
    "haiku": {
      "mean_j": -0.21424929118045277,
      "mean_sw": 3.1
    },
    "sonnet": {
      "mean_j": -0.06,
      "mean_sw": 0.4
    },
    "opus": {
      "mean_j": -0.49917233534201777,
      "mean_sw": 2.8
    }
  }
}